Transcription factor	Model	LOGO	Model length	Quality	TF family	EntrezGene	UniProt ID
AR	ANDR_HUMAN.H10MO.A		17	A	Steroid hormone receptors (NR3){2.1.1}	367	ANDR_HUMAN
TFAP2C	AP2C_HUMAN.H10MO.A		14	A	AP-2{1.3.1}	7022	AP2C_HUMAN
ATF3	ATF3_HUMAN.H10MO.A		9	A	Fos-related factors{1.1.2}	467	ATF3_HUMAN
BACH1	BACH1_HUMAN.H10MO.A		13	A	Jun-related factors{1.1.1}	571	BACH1_HUMAN
BATF	BATF_HUMAN.H10MO.A		18	A	B-ATF-related factors{1.1.4}	10538	BATF_HUMAN
BHLHE40	BHE40_HUMAN.H10MO.A		9	A	Hairy-related factors{1.2.4}	8553	BHE40_HUMAN
CEBPA	CEBPA_HUMAN.H10MO.A		13	A	C/EBP-related{1.1.8}	1050	CEBPA_HUMAN
CEBPB	CEBPB_HUMAN.H10MO.A		12	A	C/EBP-related{1.1.8}	1051	CEBPB_HUMAN
CEBPE	CEBPE_HUMAN.H10MO.A		12	A	C/EBP-related{1.1.8}	1053	CEBPE_HUMAN
EBF1	COE1_HUMAN.H10MO.A		15	A	Early B-Cell Factor-related factors{6.1.5}	1879	COE1_HUMAN
NR2F2	COT2_HUMAN.H10MO.A		13	A	RXR-related receptors (NR2){2.1.3}	7026	COT2_HUMAN
CREB1	CREB1_HUMAN.H10MO.A		11	A	CREB-related factors{1.1.7}	1385	CREB1_HUMAN
CTCFL	CTCFL_HUMAN.H10MO.A		19	A	More than 3 adjacent zinc finger factors{2.3.3}	140690	CTCFL_HUMAN
CTCF	CTCF_HUMAN.H10MO.A		20	A	More than 3 adjacent zinc finger factors{2.3.3}	10664	CTCF_HUMAN
E2F1	E2F1_HUMAN.H10MO.A		14	A	E2F-related factors{3.3.2}	1869	E2F1_HUMAN
E2F4	E2F4_HUMAN.H10MO.A		14	A	E2F-related factors{3.3.2}	1874	E2F4_HUMAN
EGR1	EGR1_HUMAN.H10MO.A		18	A	Three-zinc finger Krüppel-related factors{2.3.1}	1958	EGR1_HUMAN
ELF1	ELF1_HUMAN.H10MO.A		14	A	Ets-related factors{3.5.2}	1997	ELF1_HUMAN
ELK1	ELK1_HUMAN.H10MO.A		9	A	Ets-related factors{3.5.2}	2002	ELK1_HUMAN
ELK4	ELK4_HUMAN.H10MO.A		11	A	Ets-related factors{3.5.2}	2005	ELK4_HUMAN
ENO1	ENOA_HUMAN.H10MO.A		13	A		2023	ENOA_HUMAN
ESRRB	ERR2_HUMAN.H10MO.A		9	A	Steroid hormone receptors (NR3){2.1.1}	2103	ERR2_HUMAN
ESR1	ESR1_HUMAN.H10MO.A		17	A	Steroid hormone receptors (NR3){2.1.1}	2099	ESR1_HUMAN
ESR2	ESR2_HUMAN.H10MO.A		18	A	Steroid hormone receptors (NR3){2.1.1}	2100	ESR2_HUMAN
EVX2	EVX2_HUMAN.H10MO.A		12	A	HOX-related factors{3.1.1}	344191	EVX2_HUMAN
FLI1	FLI1_HUMAN.H10MO.A		13	A	Ets-related factors{3.5.2}	2313	FLI1_HUMAN
FOSL1	FOSL1_HUMAN.H10MO.A		11	A	Fos-related factors{1.1.2}	8061	FOSL1_HUMAN
FOSL2	FOSL2_HUMAN.H10MO.A		11	A	Fos-related factors{1.1.2}	2355	FOSL2_HUMAN
FOS	FOS_HUMAN.H10MO.A		11	A	Fos-related factors{1.1.2}	2353	FOS_HUMAN
FOXA1	FOXA1_HUMAN.H10MO.A		13	A	Forkhead box (FOX) factors{3.3.1}	3169	FOXA1_HUMAN
FOXA2	FOXA2_HUMAN.H10MO.A		11	A	Forkhead box (FOX) factors{3.3.1}	3170	FOXA2_HUMAN
FOXH1	FOXH1_HUMAN.H10MO.A		11	A	Forkhead box (FOX) factors{3.3.1}	8928	FOXH1_HUMAN
FOXJ3	FOXJ3_HUMAN.H10MO.A		13	A	Forkhead box (FOX) factors{3.3.1}	22887	FOXJ3_HUMAN
FOXP2	FOXP2_HUMAN.H10MO.A		9	A	Forkhead box (FOX) factors{3.3.1}	93986	FOXP2_HUMAN
GABPA	GABPA_HUMAN.H10MO.A		13	A	Ets-related factors{3.5.2}	2551	GABPA_HUMAN
GATA1	GATA1_HUMAN.H10MO.A		19	A	GATA-type zinc fingers{2.2.1}	2623	GATA1_HUMAN
GATA2	GATA2_HUMAN.H10MO.A		11	A	GATA-type zinc fingers{2.2.1}	2624	GATA2_HUMAN
NR3C1	GCR_HUMAN.H10MO.A		15	A	Steroid hormone receptors (NR3){2.1.1}	2908	GCR_HUMAN
HIF1A	HIF1A_HUMAN.H10MO.A		12	A	PAS domain factors{1.2.5}	3091	HIF1A_HUMAN
HNF1A	HNF1A_HUMAN.H10MO.A		15	A	POU domain factors{3.1.10}	6927	HNF1A_HUMAN
HNF4A	HNF4A_HUMAN.H10MO.A		14	A	RXR-related receptors (NR2){2.1.3}	3172	HNF4A_HUMAN
HSF1	HSF1_HUMAN.H10MO.A		14	A	HSF factors{3.4.1}	3297	HSF1_HUMAN
HSF2	HSF2_HUMAN.H10MO.A		14	A	HSF factors{3.4.1}	3298	HSF2_HUMAN
IRF1	IRF1_HUMAN.H10MO.A		20	A	Interferon-regulatory factors{3.5.3}	3659	IRF1_HUMAN
JUND	JUND_HUMAN.H10MO.A		11	A	Jun-related factors{1.1.1}	3727	JUND_HUMAN
JUN	JUN_HUMAN.H10MO.A		9	A	Jun-related factors{1.1.1}	3725	JUN_HUMAN
ZBTB33	KAISO_HUMAN.H10MO.A		19	A	Other factors with up to three adjacent zinc fingers{2.3.2}	10009	KAISO_HUMAN
KLF4	KLF4_HUMAN.H10MO.A		10	A	Three-zinc finger Krüppel-related factors{2.3.1}	9314	KLF4_HUMAN
MAFF	MAFF_HUMAN.H10MO.A		22	A	Maf-related factors{1.1.3}	23764	MAFF_HUMAN
MAFK	MAFK_HUMAN.H10MO.A		22	A	Maf-related factors{1.1.3}	7975	MAFK_HUMAN
MAX	MAX_HUMAN.H10MO.A		11	A	bHLH-ZIP factors{1.2.6}	4149	MAX_HUMAN
MAZ	MAZ_HUMAN.H10MO.A		22	A	Factors with multiple dispersed zinc fingers{2.3.4}	4150	MAZ_HUMAN
MEF2A	MEF2A_HUMAN.H10MO.A		13	A	Regulators of differentiation{5.1.1}	4205	MEF2A_HUMAN
MYC	MYC_HUMAN.H10MO.A		11	A	bHLH-ZIP factors{1.2.6}	4609	MYC_HUMAN
NANOG	NANOG_HUMAN.H10MO.A		17	A	NK-related factors{3.1.2}	79923	NANOG_HUMAN
NFATC1	NFAC1_HUMAN.H10MO.A		12	A	NFAT-related factors{6.1.3}	4772	NFAC1_HUMAN
NFIC	NFIC_HUMAN.H10MO.A		17	A	Nuclear factor 1{7.1.2}	4782	NFIC_HUMAN
NFYA	NFYA_HUMAN.H10MO.A		13	A	Heteromeric CCAAT-binding factors{4.2.1}	4800	NFYA_HUMAN
NFYB	NFYB_HUMAN.H10MO.A		13	A	Heteromeric CCAAT-binding factors{4.2.1}	4801	NFYB_HUMAN
NR2C2	NR2C2_HUMAN.H10MO.A		13	A	RXR-related receptors (NR2){2.1.3}	7182	NR2C2_HUMAN
NRF1	NRF1_HUMAN.H10MO.A		18	A	NRF{0.0.6}	4899	NRF1_HUMAN
TP63	P63_HUMAN.H10MO.A		19	A	p53-related factors{6.3.1}	8626	P63_HUMAN
TP73	P73_HUMAN.H10MO.A		20	A	p53-related factors{6.3.1}	7161	P73_HUMAN
PAX5	PAX5_HUMAN.H10MO.A		21	A	Paired domain only{3.2.2}	5079	PAX5_HUMAN
POU5F1	PO5F1_HUMAN.H10MO.A		16	A	POU domain factors{3.1.10}	5460	PO5F1_HUMAN
PPARG	PPARG_HUMAN.H10MO.A		17	A	Thyroid hormone receptor-related factors (NR1){2.1.2}	5468	PPARG_HUMAN
REST	REST_HUMAN.H10MO.A		22	A	Factors with multiple dispersed zinc fingers{2.3.4}	5978	REST_HUMAN
RFX5	RFX5_HUMAN.H10MO.A		20	A	RFX-related factors{3.3.3}	5993	RFX5_HUMAN
RUNX1	RUNX1_HUMAN.H10MO.A		11	A	Runt-related factors{6.4.1}	861	RUNX1_HUMAN
SPI1	SPI1_HUMAN.H10MO.A		17	A	Ets-related factors{3.5.2}	6688	SPI1_HUMAN
SRF	SRF_HUMAN.H10MO.A		18	A	Responders to external signals (SRF/RLM1){5.1.2}	6722	SRF_HUMAN
STAT1	STAT1_HUMAN.H10MO.A		22	A	STAT factors{6.2.1}	6772	STAT1_HUMAN
STAT3	STAT3_HUMAN.H10MO.A		11	A	STAT factors{6.2.1}	6774	STAT3_HUMAN
TAL1	TAL1_HUMAN.H10MO.A		19	A	Tal-related factors{1.2.3}	6886	TAL1_HUMAN
TEAD4	TEAD4_HUMAN.H10MO.A		13	A	TEF-1-related factors{3.6.1}	7004	TEAD4_HUMAN
RELA	TF65_HUMAN.H10MO.A		11	A	NF-kappaB-related factors{6.1.1}	5970	TF65_HUMAN
TCF7L2	TF7L2_HUMAN.H10MO.A		13	A	TCF-7-related factors{4.1.3}	6934	TF7L2_HUMAN
YY1	TYY1_HUMAN.H10MO.A		12	A	More than 3 adjacent zinc finger factors{2.3.3}	7528	TYY1_HUMAN
USF1	USF1_HUMAN.H10MO.A		10	A	bHLH-ZIP factors{1.2.6}	7391	USF1_HUMAN
USF2	USF2_HUMAN.H10MO.A		19	A	bHLH-ZIP factors{1.2.6}	7392	USF2_HUMAN
ZNF143	ZN143_HUMAN.H10MO.A		22	A	More than 3 adjacent zinc finger factors{2.3.3}	7702	ZN143_HUMAN
AHR	AHR_HUMAN.H10MO.B		9	B	PAS domain factors{1.2.5}	196	AHR_HUMAN
ALX1	ALX1_HUMAN.H10MO.B		12	B	Paired-related HD factors{3.1.3}	8092	ALX1_HUMAN
TFAP2B	AP2B_HUMAN.H10MO.B		10	B	AP-2{1.3.1}	7021	AP2B_HUMAN
ARNT	ARNT_HUMAN.H10MO.B		8	B	PAS domain factors{1.2.5}	405	ARNT_HUMAN
ATF1	ATF1_HUMAN.H10MO.B		11	B	CREB-related factors{1.1.7}	466	ATF1_HUMAN
ATF2	ATF2_HUMAN.H10MO.B		9	B	Jun-related factors{1.1.1}	1386	ATF2_HUMAN
ATF6	ATF6A_HUMAN.H10MO.B		12	B	CREB-related factors{1.1.7}	22926	ATF6A_HUMAN
CEBPD	CEBPD_HUMAN.H10MO.B		11	B	C/EBP-related{1.1.8}	1052	CEBPD_HUMAN
NR2F1	COT1_HUMAN.H10MO.B		9	B	RXR-related receptors (NR2){2.1.3}	7025	COT1_HUMAN
DBP	DBP_HUMAN.H10MO.B		11	B	C/EBP-related{1.1.8}	1628	DBP_HUMAN
E2F2	E2F2_HUMAN.H10MO.B		10	B	E2F-related factors{3.3.2}	1870	E2F2_HUMAN
E2F3	E2F3_HUMAN.H10MO.B		10	B	E2F-related factors{3.3.2}	1871	E2F3_HUMAN
E2F5	E2F5_HUMAN.H10MO.B		10	B	E2F-related factors{3.3.2}	1875	E2F5_HUMAN
ERG	ERG_HUMAN.H10MO.B		13	B	Ets-related factors{3.5.2}	2078	ERG_HUMAN
ESRRG	ERR3_HUMAN.H10MO.B		9	B	Steroid hormone receptors (NR3){2.1.1}	2104	ERR3_HUMAN
ETV1	ETV1_HUMAN.H10MO.B		22	B	Ets-related factors{3.5.2}	2115	ETV1_HUMAN
ETV4	ETV4_HUMAN.H10MO.B		8	B	Ets-related factors{3.5.2}	2118	ETV4_HUMAN
MECOM	EVI1_HUMAN.H10MO.B		16	B	Factors with multiple dispersed zinc fingers{2.3.4}	2122	EVI1_HUMAN
FOXI1	FOXI1_HUMAN.H10MO.B		12	B	Forkhead box (FOX) factors{3.3.1}	2299	FOXI1_HUMAN
FOXO3	FOXO3_HUMAN.H10MO.B		13	B	Forkhead box (FOX) factors{3.3.1}	2309	FOXO3_HUMAN
GATA4	GATA4_HUMAN.H10MO.B		9	B	GATA-type zinc fingers{2.2.1}	2626	GATA4_HUMAN
GATA6	GATA6_HUMAN.H10MO.B		14	B	GATA-type zinc fingers{2.2.1}	2627	GATA6_HUMAN
GLI2	GLI2_HUMAN.H10MO.B		11	B	More than 3 adjacent zinc finger factors{2.3.3}	2736	GLI2_HUMAN
GLI3	GLI3_HUMAN.H10MO.B		11	B	More than 3 adjacent zinc finger factors{2.3.3}	2737	GLI3_HUMAN
HNF1B	HNF1B_HUMAN.H10MO.B		14	B	POU domain factors{3.1.10}	6928	HNF1B_HUMAN
TCF12	HTF4_HUMAN.H10MO.B		11	B	E2A-related factors{1.2.1}	6938	HTF4_HUMAN
TCF4	ITF2_HUMAN.H10MO.B		9	B	E2A-related factors{1.2.1}	6925	ITF2_HUMAN
MAF	MAF_HUMAN.H10MO.B		8	B	Maf-related factors{1.1.3}	4094	MAF_HUMAN
MBD2	MBD2_HUMAN.H10MO.B		11	B		8932	MBD2_HUMAN
MEIS2	MEIS2_HUMAN.H10MO.B		13	B	TALE-type homeo domain factors{3.1.4}	4212	MEIS2_HUMAN
MYCN	MYCN_HUMAN.H10MO.B		8	B	bHLH-ZIP factors{1.2.6}	4613	MYCN_HUMAN
NFATC2	NFAC2_HUMAN.H10MO.B		9	B	NFAT-related factors{6.1.3}	4773	NFAC2_HUMAN
NFATC3	NFAC3_HUMAN.H10MO.B		9	B	NFAT-related factors{6.1.3}	4775	NFAC3_HUMAN
NFE2	NFE2_HUMAN.H10MO.B		14	B	Jun-related factors{1.1.1}	4778	NFE2_HUMAN
NFKB1	NFKB1_HUMAN.H10MO.B		11	B	NF-kappaB-related factors{6.1.1}	4790	NFKB1_HUMAN
NFYC	NFYC_HUMAN.H10MO.B		14	B	Heteromeric CCAAT-binding factors{4.2.1}	4802	NFYC_HUMAN
NR6A1	NR6A1_HUMAN.H10MO.B		13	B	GCNF-related receptors (NR6){2.1.6}	2649	NR6A1_HUMAN
TP53	P53_HUMAN.H10MO.B		20	B	p53-related factors{6.3.1}	7157	P53_HUMAN
PBX1	PBX1_HUMAN.H10MO.B		15	B	TALE-type homeo domain factors{3.1.4}	5087	PBX1_HUMAN
PBX3	PBX3_HUMAN.H10MO.B		14	B	TALE-type homeo domain factors{3.1.4}	5090	PBX3_HUMAN
POU2F1	PO2F1_HUMAN.H10MO.B		9	B	POU domain factors{3.1.10}	5451	PO2F1_HUMAN
RFX3	RFX3_HUMAN.H10MO.B		14	B	RFX-related factors{3.3.3}	5991	RFX3_HUMAN
RORA	RORA_HUMAN.H10MO.B		12	B	Thyroid hormone receptor-related factors (NR1){2.1.2}	6095	RORA_HUMAN
RUNX2	RUNX2_HUMAN.H10MO.B		11	B	Runt-related factors{6.4.1}	860	RUNX2_HUMAN
RXRG	RXRG_HUMAN.H10MO.B		13	B	RXR-related receptors (NR2){2.1.3}	6258	RXRG_HUMAN
SOX2	SOX2_HUMAN.H10MO.B		16	B	SOX-related factors{4.1.1}	6657	SOX2_HUMAN
SOX9	SOX9_HUMAN.H10MO.B		11	B	SOX-related factors{4.1.1}	6662	SOX9_HUMAN
SP3	SP3_HUMAN.H10MO.B		20	B	Three-zinc finger Krüppel-related factors{2.3.1}	6670	SP3_HUMAN
SPIB	SPIB_HUMAN.H10MO.B		12	B	Ets-related factors{3.5.2}	6689	SPIB_HUMAN
SREBF1	SRBP1_HUMAN.H10MO.B		11	B	bHLH-ZIP factors{1.2.6}	6720	SRBP1_HUMAN
SREBF2	SRBP2_HUMAN.H10MO.B		13	B	bHLH-ZIP factors{1.2.6}	6721	SRBP2_HUMAN
SRY	SRY_HUMAN.H10MO.B		9	B	SOX-related factors{4.1.1}	6736	SRY_HUMAN
STAT5A	STA5A_HUMAN.H10MO.B		11	B	STAT factors{6.2.1}	6776	STA5A_HUMAN
STAT2	STAT2_HUMAN.H10MO.B		15	B	STAT factors{6.2.1}	6773	STAT2_HUMAN
NR5A1	STF1_HUMAN.H10MO.B		9	B	FTZ-F1-related receptors (NR5){2.1.5}	2516	STF1_HUMAN
VDR	VDR_HUMAN.H10MO.B		16	B	Thyroid hormone receptor-related factors (NR1){2.1.2}	7421	VDR_HUMAN
ZEB1	ZEB1_HUMAN.H10MO.B		11	B	HD-ZF factors{3.1.8}	6935	ZEB1_HUMAN
ZIC1	ZIC1_HUMAN.H10MO.B		9	B	More than 3 adjacent zinc finger factors{2.3.3}	7545	ZIC1_HUMAN
AIRE	AIRE_HUMAN.H10MO.C		18	C	AIRE{5.3.1}	326	AIRE_HUMAN
TFAP2A	AP2A_HUMAN.H10MO.C		15	C	AP-2{1.3.1}	7020	AP2A_HUMAN
ARID5B	ARI5B_HUMAN.H10MO.C		13	C	ARID-related factors{3.7.1}	84159	ARI5B_HUMAN
BCL11A	BC11A_HUMAN.H10MO.C		17	C	Factors with multiple dispersed zinc fingers{2.3.4}	53335	BC11A_HUMAN
BCL6	BCL6_HUMAN.H10MO.C		16	C	More than 3 adjacent zinc finger factors{2.3.3}	604	BCL6_HUMAN
ARNTL	BMAL1_HUMAN.H10MO.C		14	C	PAS domain factors{1.2.5}	406	BMAL1_HUMAN
CDX1	CDX1_HUMAN.H10MO.C		8	C	HOX-related factors{3.1.1}	1044	CDX1_HUMAN
CDX2	CDX2_HUMAN.H10MO.C		8	C	HOX-related factors{3.1.1}	1045	CDX2_HUMAN
CEBPG	CEBPG_HUMAN.H10MO.C		13	C	C/EBP-related{1.1.8}	1054	CEBPG_HUMAN
CREM	CREM_HUMAN.H10MO.C		11	C	CREB-related factors{1.1.7}	1390	CREM_HUMAN
CRX	CRX_HUMAN.H10MO.C		8	C	Paired-related HD factors{3.1.3}	1406	CRX_HUMAN
CUX1	CUX1_HUMAN.H10MO.C		14	C	HD-CUT factors{3.1.9}	1523	CUX1_HUMAN
DDIT3	DDIT3_HUMAN.H10MO.C		13	C	C/EBP-related{1.1.8}	1649	DDIT3_HUMAN
DLX3	DLX3_HUMAN.H10MO.C		10	C	NK-related factors{3.1.2}	1747	DLX3_HUMAN
E2F6	E2F6_HUMAN.H10MO.C		12	C	E2F-related factors{3.3.2}	1876	E2F6_HUMAN
EGR2	EGR2_HUMAN.H10MO.C		11	C	Three-zinc finger Krüppel-related factors{2.3.1}	1959	EGR2_HUMAN
EHF	EHF_HUMAN.H10MO.C		17	C	Ets-related factors{3.5.2}	26298	EHF_HUMAN
ELF2	ELF2_HUMAN.H10MO.C		17	C	Ets-related factors{3.5.2}	1998	ELF2_HUMAN
ETS1	ETS1_HUMAN.H10MO.C		9	C	Ets-related factors{3.5.2}	2113	ETS1_HUMAN
ETS2	ETS2_HUMAN.H10MO.C		11	C	Ets-related factors{3.5.2}	2114	ETS2_HUMAN
FEV	FEV_HUMAN.H10MO.C		10	C	Ets-related factors{3.5.2}	54738	FEV_HUMAN
FOSB	FOSB_HUMAN.H10MO.C		11	C	Fos-related factors{1.1.2}	2354	FOSB_HUMAN
FOXA3	FOXA3_HUMAN.H10MO.C		13	C	Forkhead box (FOX) factors{3.3.1}	3171	FOXA3_HUMAN
FOXC1	FOXC1_HUMAN.H10MO.C		15	C	Forkhead box (FOX) factors{3.3.1}	2296	FOXC1_HUMAN
FOXJ2	FOXJ2_HUMAN.H10MO.C		10	C	Forkhead box (FOX) factors{3.3.1}	55810	FOXJ2_HUMAN
FOXO1	FOXO1_HUMAN.H10MO.C		16	C	Forkhead box (FOX) factors{3.3.1}	2308	FOXO1_HUMAN
FOXO4	FOXO4_HUMAN.H10MO.C		9	C	Forkhead box (FOX) factors{3.3.1}	4303	FOXO4_HUMAN
FOXQ1	FOXQ1_HUMAN.H10MO.C		12	C	Forkhead box (FOX) factors{3.3.1}	94234	FOXQ1_HUMAN
GABPB1	GABP1_HUMAN.H10MO.C		10	C		2553	GABP1_HUMAN
GATA3	GATA3_HUMAN.H10MO.C		11	C	GATA-type zinc fingers{2.2.1}	2625	GATA3_HUMAN
GFI1B	GFI1B_HUMAN.H10MO.C		11	C	More than 3 adjacent zinc finger factors{2.3.3}	8328	GFI1B_HUMAN
GFI1	GFI1_HUMAN.H10MO.C		10	C	More than 3 adjacent zinc finger factors{2.3.3}	2672	GFI1_HUMAN
GLI1	GLI1_HUMAN.H10MO.C		11	C	More than 3 adjacent zinc finger factors{2.3.3}	2735	GLI1_HUMAN
NHLH1	HEN1_HUMAN.H10MO.C		20	C	Tal-related factors{1.2.3}	4807	HEN1_HUMAN
HIC1	HIC1_HUMAN.H10MO.C		9	C	Factors with multiple dispersed zinc fingers{2.3.4}	3090	HIC1_HUMAN
HINFP	HINFP_HUMAN.H10MO.C		16	C	Factors with multiple dispersed zinc fingers{2.3.4}	25988	HINFP_HUMAN
HLF	HLF_HUMAN.H10MO.C		13	C	C/EBP-related{1.1.8}	3131	HLF_HUMAN
HNF4G	HNF4G_HUMAN.H10MO.C		14	C	RXR-related receptors (NR2){2.1.3}	3174	HNF4G_HUMAN
ONECUT1	HNF6_HUMAN.H10MO.C		14	C	HD-CUT factors{3.1.9}	3175	HNF6_HUMAN
HOXA10	HXA10_HUMAN.H10MO.C		12	C	HOX-related factors{3.1.1}	3206	HXA10_HUMAN
HOXA13	HXA13_HUMAN.H10MO.C		11	C	HOX-related factors{3.1.1}	3209	HXA13_HUMAN
HOXA1	HXA1_HUMAN.H10MO.C		10	C	HOX-related factors{3.1.1}	3198	HXA1_HUMAN
HOXB7	HXB7_HUMAN.H10MO.C		10	C	HOX-related factors{3.1.1}	3217	HXB7_HUMAN
HOXB8	HXB8_HUMAN.H10MO.C		11	C	HOX-related factors{3.1.1}	3218	HXB8_HUMAN
IKZF1	IKZF1_HUMAN.H10MO.C		8	C	Factors with multiple dispersed zinc fingers{2.3.4}	10320	IKZF1_HUMAN
INSM1	INSM1_HUMAN.H10MO.C		12	C	Factors with multiple dispersed zinc fingers{2.3.4}	3642	INSM1_HUMAN
IRF2	IRF2_HUMAN.H10MO.C		14	C	Interferon-regulatory factors{3.5.3}	3660	IRF2_HUMAN
IRF3	IRF3_HUMAN.H10MO.C		17	C	Interferon-regulatory factors{3.5.3}	3661	IRF3_HUMAN
IRF4	IRF4_HUMAN.H10MO.C		16	C	Interferon-regulatory factors{3.5.3}	3662	IRF4_HUMAN
IRF7	IRF7_HUMAN.H10MO.C		10	C	Interferon-regulatory factors{3.5.3}	3665	IRF7_HUMAN
IRF9	IRF9_HUMAN.H10MO.C		12	C	Interferon-regulatory factors{3.5.3}	10379	IRF9_HUMAN
JUNB	JUNB_HUMAN.H10MO.C		11	C	Jun-related factors{1.1.1}	3726	JUNB_HUMAN
KLF1	KLF1_HUMAN.H10MO.C		11	C	Three-zinc finger Krüppel-related factors{2.3.1}	10661	KLF1_HUMAN
KLF8	KLF8_HUMAN.H10MO.C		9	C	Three-zinc finger Krüppel-related factors{2.3.1}	11279	KLF8_HUMAN
LEF1	LEF1_HUMAN.H10MO.C		7	C	TCF-7-related factors{4.1.3}	51176	LEF1_HUMAN
LHX3	LHX3_HUMAN.H10MO.C		13	C	HD-LIM factors{3.1.5}	8022	LHX3_HUMAN
MAFG	MAFG_HUMAN.H10MO.C		21	C	Maf-related factors{1.1.3}	4097	MAFG_HUMAN
MECP2	MECP2_HUMAN.H10MO.C		7	C		4204	MECP2_HUMAN
MEF2C	MEF2C_HUMAN.H10MO.C		13	C	Regulators of differentiation{5.1.1}	4208	MEF2C_HUMAN
MEF2D	MEF2D_HUMAN.H10MO.C		12	C	Regulators of differentiation{5.1.1}	4209	MEF2D_HUMAN
MEIS1	MEIS1_HUMAN.H10MO.C		13	C	TALE-type homeo domain factors{3.1.4}	4211	MEIS1_HUMAN
MITF	MITF_HUMAN.H10MO.C		10	C	bHLH-ZIP factors{1.2.6}	4286	MITF_HUMAN
MTF1	MTF1_HUMAN.H10MO.C		17	C	More than 3 adjacent zinc finger factors{2.3.3}	4520	MTF1_HUMAN
MYB	MYB_HUMAN.H10MO.C		7	C	Myb/SANT domain factors{3.5.1}	4602	MYB_HUMAN
MYF6	MYF6_HUMAN.H10MO.C		7	C	MyoD / ASC-related factors{1.2.2}	4618	MYF6_HUMAN
MYOD1	MYOD1_HUMAN.H10MO.C		9	C	MyoD / ASC-related factors{1.2.2}	4654	MYOD1_HUMAN
NEUROD1	NDF1_HUMAN.H10MO.C		12	C	Tal-related factors{1.2.3}	4760	NDF1_HUMAN
NFE2L1	NF2L1_HUMAN.H10MO.C		7	C	Jun-related factors{1.1.1}	4779	NF2L1_HUMAN
NFATC4	NFAC4_HUMAN.H10MO.C		10	C	NFAT-related factors{6.1.3}	4776	NFAC4_HUMAN
NFIA	NFIA_HUMAN.H10MO.C		15	C	Nuclear factor 1{7.1.2}	4774	NFIA_HUMAN
NFIL3	NFIL3_HUMAN.H10MO.C		14	C	C/EBP-related{1.1.8}	4783	NFIL3_HUMAN
NKX2-5	NKX25_HUMAN.H10MO.C		7	C	NK-related factors{3.1.2}	1482	NKX25_HUMAN
NKX2-8	NKX28_HUMAN.H10MO.C		9	C	NK-related factors{3.1.2}	26257	NKX28_HUMAN
NKX3-1	NKX31_HUMAN.H10MO.C		13	C	NK-related factors{3.1.2}	4824	NKX31_HUMAN
NKX3-2	NKX32_HUMAN.H10MO.C		11	C	NK-related factors{3.1.2}	579	NKX32_HUMAN
NOBOX	NOBOX_HUMAN.H10MO.C		9	C	Paired-related HD factors{3.1.3}	135935	NOBOX_HUMAN
NR1D1	NR1D1_HUMAN.H10MO.C		14	C	Thyroid hormone receptor-related factors (NR1){2.1.2}	9572	NR1D1_HUMAN
NR1H4	NR1H4_HUMAN.H10MO.C		14	C	Thyroid hormone receptor-related factors (NR1){2.1.2}	9971	NR1H4_HUMAN
NR1I2	NR1I2_HUMAN.H10MO.C		19	C	Thyroid hormone receptor-related factors (NR1){2.1.2}	8856	NR1I2_HUMAN
NR1I3	NR1I3_HUMAN.H10MO.C		18	C	Thyroid hormone receptor-related factors (NR1){2.1.2}	9970	NR1I3_HUMAN
NR2C1	NR2C1_HUMAN.H10MO.C		13	C	RXR-related receptors (NR2){2.1.3}	7181	NR2C1_HUMAN
NR2E3	NR2E3_HUMAN.H10MO.C		14	C	RXR-related receptors (NR2){2.1.3}	10002	NR2E3_HUMAN
NR4A1	NR4A1_HUMAN.H10MO.C		9	C	NGFI-B-related receptors (NR4){2.1.4}	3164	NR4A1_HUMAN
NR4A2	NR4A2_HUMAN.H10MO.C		9	C	NGFI-B-related receptors (NR4){2.1.4}	4929	NR4A2_HUMAN
NR5A2	NR5A2_HUMAN.H10MO.C		10	C	FTZ-F1-related receptors (NR5){2.1.5}	2494	NR5A2_HUMAN
OTX2	OTX2_HUMAN.H10MO.C		15	C	Paired-related HD factors{3.1.3}	5015	OTX2_HUMAN
OVOL1	OVOL1_HUMAN.H10MO.C		9	C	More than 3 adjacent zinc finger factors{2.3.3}	5017	OVOL1_HUMAN
PBX2	PBX2_HUMAN.H10MO.C		15	C	TALE-type homeo domain factors{3.1.4}	5089	PBX2_HUMAN
PDX1	PDX1_HUMAN.H10MO.C		9	C	HOX-related factors{3.1.1}	3651	PDX1_HUMAN
CBFB	PEBB_HUMAN.H10MO.C		11	C		865	PEBB_HUMAN
POU1F1	PIT1_HUMAN.H10MO.C		13	C	POU domain factors{3.1.10}	5449	PIT1_HUMAN
POU3F1	PO3F1_HUMAN.H10MO.C		14	C	POU domain factors{3.1.10}	5453	PO3F1_HUMAN
PPARA	PPARA_HUMAN.H10MO.C		13	C	Thyroid hormone receptor-related factors (NR1){2.1.2}	5465	PPARA_HUMAN
PRDM14	PRD14_HUMAN.H10MO.C		14	C	More than 3 adjacent zinc finger factors{2.3.3}	63978	PRD14_HUMAN
PRDM1	PRDM1_HUMAN.H10MO.C		14	C	More than 3 adjacent zinc finger factors{2.3.3}	639	PRDM1_HUMAN
PGR	PRGR_HUMAN.H10MO.C		13	C	Steroid hormone receptors (NR3){2.1.1}	5241	PRGR_HUMAN
PRRX2	PRRX2_HUMAN.H10MO.C		7	C	Paired-related HD factors{3.1.3}	51450	PRRX2_HUMAN
PTF1A	PTF1A_HUMAN.H10MO.C		21	C	Tal-related factors{1.2.3}	256297	PTF1A_HUMAN
RARA	RARA_HUMAN.H10MO.C		17	C	Thyroid hormone receptor-related factors (NR1){2.1.2}	5914	RARA_HUMAN
RARG	RARG_HUMAN.H10MO.C		20	C	Thyroid hormone receptor-related factors (NR1){2.1.2}	5916	RARG_HUMAN
RELB	RELB_HUMAN.H10MO.C		12	C	NF-kappaB-related factors{6.1.1}	5971	RELB_HUMAN
REL	REL_HUMAN.H10MO.C		12	C	NF-kappaB-related factors{6.1.1}	5966	REL_HUMAN
RFX1	RFX1_HUMAN.H10MO.C		12	C	RFX-related factors{3.3.3}	5989	RFX1_HUMAN
RFX2	RFX2_HUMAN.H10MO.C		22	C	RFX-related factors{3.3.3}	5990	RFX2_HUMAN
RORC	RORG_HUMAN.H10MO.C		13	C	Thyroid hormone receptor-related factors (NR1){2.1.2}	6097	RORG_HUMAN
RUNX3	RUNX3_HUMAN.H10MO.C		11	C	Runt-related factors{6.4.1}	864	RUNX3_HUMAN
RXRA	RXRA_HUMAN.H10MO.C		17	C	RXR-related receptors (NR2){2.1.3}	6256	RXRA_HUMAN
RXRB	RXRB_HUMAN.H10MO.C		10	C	RXR-related receptors (NR2){2.1.3}	6257	RXRB_HUMAN
SMAD2	SMAD2_HUMAN.H10MO.C		12	C	SMAD factors{7.1.1}	4087	SMAD2_HUMAN
SMAD3	SMAD3_HUMAN.H10MO.C		10	C	SMAD factors{7.1.1}	4088	SMAD3_HUMAN
SMAD4	SMAD4_HUMAN.H10MO.C		13	C	SMAD factors{7.1.1}	4089	SMAD4_HUMAN
SNAI1	SNAI1_HUMAN.H10MO.C		8	C	More than 3 adjacent zinc finger factors{2.3.3}	6615	SNAI1_HUMAN
SNAI2	SNAI2_HUMAN.H10MO.C		7	C	More than 3 adjacent zinc finger factors{2.3.3}	6591	SNAI2_HUMAN
SOX4	SOX4_HUMAN.H10MO.C		12	C	SOX-related factors{4.1.1}	6659	SOX4_HUMAN
SOX5	SOX5_HUMAN.H10MO.C		8	C	SOX-related factors{4.1.1}	6660	SOX5_HUMAN
SP1	SP1_HUMAN.H10MO.C		19	C	Three-zinc finger Krüppel-related factors{2.3.1}	6667	SP1_HUMAN
SP2	SP2_HUMAN.H10MO.C		22	C	Three-zinc finger Krüppel-related factors{2.3.1}	6668	SP2_HUMAN
STAT5B	STA5B_HUMAN.H10MO.C		11	C	STAT factors{6.2.1}	6777	STA5B_HUMAN
STAT6	STAT6_HUMAN.H10MO.C		13	C	STAT factors{6.2.1}	6778	STAT6_HUMAN
RBPJ	SUH_HUMAN.H10MO.C		11	C	CSL-related factors{6.1.4}	3516	SUH_HUMAN
TBP	TBP_HUMAN.H10MO.C		11	C	TBP-related factors{8.1.1}	6908	TBP_HUMAN
TCF7	TCF7_HUMAN.H10MO.C		12	C	TCF-7-related factors{4.1.3}	6932	TCF7_HUMAN
TFAP4	TFAP4_HUMAN.H10MO.C		11	C	bHLH-ZIP factors{1.2.6}	7023	TFAP4_HUMAN
TCF3	TFE2_HUMAN.H10MO.C		11	C	E2A-related factors{1.2.1}	6929	TFE2_HUMAN
TFE3	TFE3_HUMAN.H10MO.C		10	C	bHLH-ZIP factors{1.2.6}	7030	TFE3_HUMAN
TFEB	TFEB_HUMAN.H10MO.C		9	C	bHLH-ZIP factors{1.2.6}	7942	TFEB_HUMAN
THRA	THA_HUMAN.H10MO.C		17	C	Thyroid hormone receptor-related factors (NR1){2.1.2}	7067	THA_HUMAN
THRB	THB_HUMAN.H10MO.C		17	C	Thyroid hormone receptor-related factors (NR1){2.1.2}	7068	THB_HUMAN
XBP1	XBP1_HUMAN.H10MO.C		12	C	XBP-1-related factors{1.1.5}	7494	XBP1_HUMAN
ZFX	ZFX_HUMAN.H10MO.C		19	C	More than 3 adjacent zinc finger factors{2.3.3}	7543	ZFX_HUMAN
ZIC2	ZIC2_HUMAN.H10MO.C		9	C	More than 3 adjacent zinc finger factors{2.3.3}	7546	ZIC2_HUMAN
ZIC3	ZIC3_HUMAN.H10MO.C		9	C	More than 3 adjacent zinc finger factors{2.3.3}	7547	ZIC3_HUMAN
ZKSCAN1	ZKSC1_HUMAN.H10MO.C		22	C	More than 3 adjacent zinc finger factors{2.3.3}	7586	ZKSC1_HUMAN
ZNF350	ZN350_HUMAN.H10MO.C		24	C	More than 3 adjacent zinc finger factors{2.3.3}	59348	ZN350_HUMAN
ZNF384	ZN384_HUMAN.H10MO.C		12	C	More than 3 adjacent zinc finger factors{2.3.3}	171017	ZN384_HUMAN
ALX3	ALX3_HUMAN.H10MO.D		11	D	Paired-related HD factors{3.1.3}	257	ALX3_HUMAN
ALX4	ALX4_HUMAN.H10MO.D		12	D	Paired-related HD factors{3.1.3}	60529	ALX4_HUMAN
TFAP2D	AP2D_HUMAN.H10MO.D		14	D	AP-2{1.3.1}	83741	AP2D_HUMAN
ARID3A	ARI3A_HUMAN.H10MO.D		22	D	ARID-related factors{3.7.1}	1820	ARI3A_HUMAN
ARNT2	ARNT2_HUMAN.H10MO.D		12	D	PAS domain factors{1.2.5}	9915	ARNT2_HUMAN
ARX	ARX_HUMAN.H10MO.D		13	D	Paired-related HD factors{3.1.3}	170302	ARX_HUMAN
ASCL2	ASCL2_HUMAN.H10MO.D		14	D	MyoD / ASC-related factors{1.2.2}	430	ASCL2_HUMAN
ATF7	ATF7_HUMAN.H10MO.D		11	D	Jun-related factors{1.1.1}	11016	ATF7_HUMAN
ATOH1	ATOH1_HUMAN.H10MO.D		11	D	Tal-related factors{1.2.3}	474	ATOH1_HUMAN
BARHL1	BARH1_HUMAN.H10MO.D		13	D	NK-related factors{3.1.2}	56751	BARH1_HUMAN
BARHL2	BARH2_HUMAN.H10MO.D		18	D	NK-related factors{3.1.2}	343472	BARH2_HUMAN
BARX1	BARX1_HUMAN.H10MO.D		17	D	NK-related factors{3.1.2}	56033	BARX1_HUMAN
BARX2	BARX2_HUMAN.H10MO.D		10	D	NK-related factors{3.1.2}	8538	BARX2_HUMAN
BATF3	BATF3_HUMAN.H10MO.D		12	D	B-ATF-related factors{1.1.4}	55509	BATF3_HUMAN
BCL6B	BCL6B_HUMAN.H10MO.D		11	D	More than 3 adjacent zinc finger factors{2.3.3}	255877	BCL6B_HUMAN
BHLHA15	BHA15_HUMAN.H10MO.D		11	D	Tal-related factors{1.2.3}	168620	BHA15_HUMAN
BHLHE22	BHE22_HUMAN.H10MO.D		13	D	Tal-related factors{1.2.3}	27319	BHE22_HUMAN
BHLHE23	BHE23_HUMAN.H10MO.D		12	D	Tal-related factors{1.2.3}	128408	BHE23_HUMAN
BHLHE41	BHE41_HUMAN.H10MO.D		20	D	Hairy-related factors{1.2.4}	79365	BHE41_HUMAN
BPTF	BPTF_HUMAN.H10MO.D		12	D		2186	BPTF_HUMAN
T	BRAC_HUMAN.H10MO.D		25	D	Brachyury-related factors{6.5.1}	6862	BRAC_HUMAN
BRCA1	BRCA1_HUMAN.H10MO.D		9	D		672	BRCA1_HUMAN
BSX	BSH_HUMAN.H10MO.D		14	D	NK-related factors{3.1.2}	390259	BSH_HUMAN
CDC5L	CDC5L_HUMAN.H10MO.D		15	D	Myb/SANT domain factors{3.5.1}	988	CDC5L_HUMAN
CEBPZ	CEBPZ_HUMAN.H10MO.D		11	D		10153	CEBPZ_HUMAN
CENPB	CENPB_HUMAN.H10MO.D		17	D		1059	CENPB_HUMAN
CLOCK	CLOCK_HUMAN.H10MO.D		20	D	PAS domain factors{1.2.5}	9575	CLOCK_HUMAN
CPEB1	CPEB1_HUMAN.H10MO.D		17	D		64506	CPEB1_HUMAN
CREB3L1	CR3L1_HUMAN.H10MO.D		11	D	CREB-related factors{1.1.7}	90993	CR3L1_HUMAN
CREB3L2	CR3L2_HUMAN.H10MO.D		13	D	CREB-related factors{1.1.7}	64764	CR3L2_HUMAN
CREB3	CREB3_HUMAN.H10MO.D		13	D	CREB-related factors{1.1.7}	10488	CREB3_HUMAN
CREB5	CREB5_HUMAN.H10MO.D		11	D	Jun-related factors{1.1.1}	9586	CREB5_HUMAN
CUX2	CUX2_HUMAN.H10MO.D		21	D	HD-CUT factors{3.1.9}	23316	CUX2_HUMAN
CXXC1	CXXC1_HUMAN.H10MO.D		7	D	CpG-binding proteins{2.6.1}	30827	CXXC1_HUMAN
DLX1	DLX1_HUMAN.H10MO.D		16	D	NK-related factors{3.1.2}	1745	DLX1_HUMAN
DLX2	DLX2_HUMAN.H10MO.D		8	D	NK-related factors{3.1.2}	1746	DLX2_HUMAN
DLX4	DLX4_HUMAN.H10MO.D		16	D	NK-related factors{3.1.2}	1748	DLX4_HUMAN
DLX5	DLX5_HUMAN.H10MO.D		14	D	NK-related factors{3.1.2}	1749	DLX5_HUMAN
DLX6	DLX6_HUMAN.H10MO.D		15	D	NK-related factors{3.1.2}	1750	DLX6_HUMAN
DMBX1	DMBX1_HUMAN.H10MO.D		20	D	Paired-related HD factors{3.1.3}	127343	DMBX1_HUMAN
DPRX	DPRX_HUMAN.H10MO.D		11	D	Paired-related HD factors{3.1.3}	503834	DPRX_HUMAN
DRGX	DRGX_HUMAN.H10MO.D		11	D	Paired-related HD factors{3.1.3}	644168	DRGX_HUMAN
DUXA	DUXA_HUMAN.H10MO.D		11	D	Paired-related HD factors{3.1.3}	503835	DUXA_HUMAN
E2F7	E2F7_HUMAN.H10MO.D		13	D	E2F-related factors{3.3.2}	144455	E2F7_HUMAN
E2F8	E2F8_HUMAN.H10MO.D		12	D	E2F-related factors{3.3.2}	79733	E2F8_HUMAN
E4F1	E4F1_HUMAN.H10MO.D		9	D	Factors with multiple dispersed zinc fingers{2.3.4}	1877	E4F1_HUMAN
EGR3	EGR3_HUMAN.H10MO.D		11	D	Three-zinc finger Krüppel-related factors{2.3.1}	1960	EGR3_HUMAN
EGR4	EGR4_HUMAN.H10MO.D		11	D	Three-zinc finger Krüppel-related factors{2.3.1}	1961	EGR4_HUMAN
ELF3	ELF3_HUMAN.H10MO.D		14	D	Ets-related factors{3.5.2}	1999	ELF3_HUMAN
ELF5	ELF5_HUMAN.H10MO.D		11	D	Ets-related factors{3.5.2}	2001	ELF5_HUMAN
ELK3	ELK3_HUMAN.H10MO.D		12	D	Ets-related factors{3.5.2}	2004	ELK3_HUMAN
EMX1	EMX1_HUMAN.H10MO.D		12	D	NK-related factors{3.1.2}	2016	EMX1_HUMAN
EMX2	EMX2_HUMAN.H10MO.D		12	D	NK-related factors{3.1.2}	2018	EMX2_HUMAN
EOMES	EOMES_HUMAN.H10MO.D		12	D	TBrain-related factors{6.5.2}	8320	EOMES_HUMAN
EPAS1	EPAS1_HUMAN.H10MO.D		13	D	PAS domain factors{1.2.5}	2034	EPAS1_HUMAN
ERF	ERF_HUMAN.H10MO.D		20	D	Ets-related factors{3.5.2}	2077	ERF_HUMAN
ESRRA	ERR1_HUMAN.H10MO.D		14	D	Steroid hormone receptors (NR3){2.1.1}	2101	ERR1_HUMAN
ESX1	ESX1_HUMAN.H10MO.D		17	D	Paired-related HD factors{3.1.3}	80712	ESX1_HUMAN
ETV2	ETV2_HUMAN.H10MO.D		11	D	Ets-related factors{3.5.2}	2116	ETV2_HUMAN
ETV3	ETV3_HUMAN.H10MO.D		14	D	Ets-related factors{3.5.2}	2117	ETV3_HUMAN
ETV5	ETV5_HUMAN.H10MO.D		13	D	Ets-related factors{3.5.2}	2119	ETV5_HUMAN
ETV6	ETV6_HUMAN.H10MO.D		11	D	Ets-related factors{3.5.2}	2120	ETV6_HUMAN
ETV7	ETV7_HUMAN.H10MO.D		17	D	Ets-related factors{3.5.2}	51513	ETV7_HUMAN
EVX1	EVX1_HUMAN.H10MO.D		20	D	HOX-related factors{3.1.1}	2128	EVX1_HUMAN
FIGLA	FIGLA_HUMAN.H10MO.D		11	D	Tal-related factors{1.2.3}	344018	FIGLA_HUMAN
FOXB1	FOXB1_HUMAN.H10MO.D		17	D	Forkhead box (FOX) factors{3.3.1}	27023	FOXB1_HUMAN
FOXC2	FOXC2_HUMAN.H10MO.D		15	D	Forkhead box (FOX) factors{3.3.1}	2303	FOXC2_HUMAN
FOXD1	FOXD1_HUMAN.H10MO.D		15	D	Forkhead box (FOX) factors{3.3.1}	2297	FOXD1_HUMAN
FOXD2	FOXD2_HUMAN.H10MO.D		19	D	Forkhead box (FOX) factors{3.3.1}	2306	FOXD2_HUMAN
FOXD3	FOXD3_HUMAN.H10MO.D		9	D	Forkhead box (FOX) factors{3.3.1}	27022	FOXD3_HUMAN
FOXF1	FOXF1_HUMAN.H10MO.D		11	D	Forkhead box (FOX) factors{3.3.1}	2294	FOXF1_HUMAN
FOXF2	FOXF2_HUMAN.H10MO.D		11	D	Forkhead box (FOX) factors{3.3.1}	2295	FOXF2_HUMAN
FOXG1	FOXG1_HUMAN.H10MO.D		17	D	Forkhead box (FOX) factors{3.3.1}	2290	FOXG1_HUMAN
FOXK1	FOXK1_HUMAN.H10MO.D		12	D	Forkhead box (FOX) factors{3.3.1}	221937	FOXK1_HUMAN
FOXL1	FOXL1_HUMAN.H10MO.D		19	D	Forkhead box (FOX) factors{3.3.1}	2300	FOXL1_HUMAN
FOXM1	FOXM1_HUMAN.H10MO.D		13	D	Forkhead box (FOX) factors{3.3.1}	2305	FOXM1_HUMAN
FOXO6	FOXO6_HUMAN.H10MO.D		13	D	Forkhead box (FOX) factors{3.3.1}		FOXO6_HUMAN
FOXP3	FOXP3_HUMAN.H10MO.D		9	D	Forkhead box (FOX) factors{3.3.1}	50943	FOXP3_HUMAN
FUBP1	FUBP1_HUMAN.H10MO.D		12	D		8880	FUBP1_HUMAN
GATA5	GATA5_HUMAN.H10MO.D		17	D	GATA-type zinc fingers{2.2.1}	140628	GATA5_HUMAN
GBX1	GBX1_HUMAN.H10MO.D		17	D	HOX-related factors{3.1.1}	2636	GBX1_HUMAN
GBX2	GBX2_HUMAN.H10MO.D		17	D	HOX-related factors{3.1.1}	2637	GBX2_HUMAN
GCM1	GCM1_HUMAN.H10MO.D		14	D	GCM factors{7.2.1}	8521	GCM1_HUMAN
GCM2	GCM2_HUMAN.H10MO.D		11	D	GCM factors{7.2.1}	9247	GCM2_HUMAN
GLIS1	GLIS1_HUMAN.H10MO.D		13	D	More than 3 adjacent zinc finger factors{2.3.3}	148979	GLIS1_HUMAN
GLIS2	GLIS2_HUMAN.H10MO.D		14	D	More than 3 adjacent zinc finger factors{2.3.3}	84662	GLIS2_HUMAN
GLIS3	GLIS3_HUMAN.H10MO.D		10	D	More than 3 adjacent zinc finger factors{2.3.3}	169792	GLIS3_HUMAN
GMEB2	GMEB2_HUMAN.H10MO.D		11	D	GMEB{5.3.3}	26205	GMEB2_HUMAN
GRHL1	GRHL1_HUMAN.H10MO.D		12	D	Grainyhead-related factors{6.7.1}	29841	GRHL1_HUMAN
GSC2	GSC2_HUMAN.H10MO.D		11	D	Paired-related HD factors{3.1.3}	2928	GSC2_HUMAN
GSC	GSC_HUMAN.H10MO.D		11	D	Paired-related HD factors{3.1.3}	145258	GSC_HUMAN
GSX1	GSX1_HUMAN.H10MO.D		15	D	HOX-related factors{3.1.1}	219409	GSX1_HUMAN
GSX2	GSX2_HUMAN.H10MO.D		16	D	HOX-related factors{3.1.1}	170825	GSX2_HUMAN
HAND1	HAND1_HUMAN.H10MO.D		12	D	Tal-related factors{1.2.3}	9421	HAND1_HUMAN
HBP1	HBP1_HUMAN.H10MO.D		9	D	SOX-related factors{4.1.1}	26959	HBP1_HUMAN
HES1	HES1_HUMAN.H10MO.D		13	D	Hairy-related factors{1.2.4}	3280	HES1_HUMAN
HES5	HES5_HUMAN.H10MO.D		12	D	Hairy-related factors{1.2.4}	388585	HES5_HUMAN
HES7	HES7_HUMAN.H10MO.D		12	D	Hairy-related factors{1.2.4}	84667	HES7_HUMAN
HESX1	HESX1_HUMAN.H10MO.D		16	D	Paired-related HD factors{3.1.3}	8820	HESX1_HUMAN
HEY1	HEY1_HUMAN.H10MO.D		12	D	Hairy-related factors{1.2.4}	23462	HEY1_HUMAN
HEY2	HEY2_HUMAN.H10MO.D		17	D	Hairy-related factors{1.2.4}	23493	HEY2_HUMAN
HIC2	HIC2_HUMAN.H10MO.D		11	D	Factors with multiple dispersed zinc fingers{2.3.4}	23119	HIC2_HUMAN
HLTF	HLTF_HUMAN.H10MO.D		12	D		6596	HLTF_HUMAN
HMBOX1	HMBX1_HUMAN.H10MO.D		11	D	POU domain factors{3.1.10}	79618	HMBX1_HUMAN
EN1	HME1_HUMAN.H10MO.D		17	D	NK-related factors{3.1.2}	2019	HME1_HUMAN
EN2	HME2_HUMAN.H10MO.D		11	D	NK-related factors{3.1.2}	2020	HME2_HUMAN
HMGA1	HMGA1_HUMAN.H10MO.D		7	D	HMGA factors{8.2.1}	3159	HMGA1_HUMAN
HMGA2	HMGA2_HUMAN.H10MO.D		15	D	HMGA factors{8.2.1}	8091	HMGA2_HUMAN
HMX1	HMX1_HUMAN.H10MO.D		17	D	NK-related factors{3.1.2}	3166	HMX1_HUMAN
HMX2	HMX2_HUMAN.H10MO.D		11	D	NK-related factors{3.1.2}	3167	HMX2_HUMAN
HMX3	HMX3_HUMAN.H10MO.D		11	D	NK-related factors{3.1.2}	340784	HMX3_HUMAN
HOMEZ	HOMEZ_HUMAN.H10MO.D		15	D	HD-ZF factors{3.1.8}	57594	HOMEZ_HUMAN
HSF4	HSF4_HUMAN.H10MO.D		15	D	HSF factors{3.4.1}	3299	HSF4_HUMAN
HSFY1; HSFY2	HSFY1_HUMAN.H10MO.D		12	D	HSF factors{3.4.1}	159119; 86614	HSFY1_HUMAN
HOXA11	HXA11_HUMAN.H10MO.D		13	D	HOX-related factors{3.1.1}	3207	HXA11_HUMAN
HOXA2	HXA2_HUMAN.H10MO.D		11	D	HOX-related factors{3.1.1}	3199	HXA2_HUMAN
HOXA5	HXA5_HUMAN.H10MO.D		10	D	HOX-related factors{3.1.1}	3202	HXA5_HUMAN
HOXA7	HXA7_HUMAN.H10MO.D		15	D	HOX-related factors{3.1.1}	3204	HXA7_HUMAN
HOXA9	HXA9_HUMAN.H10MO.D		14	D	HOX-related factors{3.1.1}	3205	HXA9_HUMAN
HOXB13	HXB13_HUMAN.H10MO.D		11	D	HOX-related factors{3.1.1}	10481	HXB13_HUMAN
HOXB1	HXB1_HUMAN.H10MO.D		10	D	HOX-related factors{3.1.1}	3211	HXB1_HUMAN
HOXB2	HXB2_HUMAN.H10MO.D		15	D	HOX-related factors{3.1.1}	3212	HXB2_HUMAN
HOXB3	HXB3_HUMAN.H10MO.D		14	D	HOX-related factors{3.1.1}	3213	HXB3_HUMAN
HOXB6	HXB6_HUMAN.H10MO.D		13	D	HOX-related factors{3.1.1}	3216	HXB6_HUMAN
HOXC10	HXC10_HUMAN.H10MO.D		19	D	HOX-related factors{3.1.1}	3226	HXC10_HUMAN
HOXC11	HXC11_HUMAN.H10MO.D		11	D	HOX-related factors{3.1.1}	3227	HXC11_HUMAN
HOXC12	HXC12_HUMAN.H10MO.D		12	D	HOX-related factors{3.1.1}	3228	HXC12_HUMAN
HOXC13	HXC13_HUMAN.H10MO.D		11	D	HOX-related factors{3.1.1}	3229	HXC13_HUMAN
HOXC6	HXC6_HUMAN.H10MO.D		15	D	HOX-related factors{3.1.1}	3223	HXC6_HUMAN
HOXC8	HXC8_HUMAN.H10MO.D		14	D	HOX-related factors{3.1.1}	3224	HXC8_HUMAN
HOXD10	HXD10_HUMAN.H10MO.D		10	D	HOX-related factors{3.1.1}	3236	HXD10_HUMAN
HOXD11	HXD11_HUMAN.H10MO.D		11	D	HOX-related factors{3.1.1}	3237	HXD11_HUMAN
HOXD12	HXD12_HUMAN.H10MO.D		11	D	HOX-related factors{3.1.1}	3238	HXD12_HUMAN
HOXD13	HXD13_HUMAN.H10MO.D		11	D	HOX-related factors{3.1.1}	3239	HXD13_HUMAN
HOXD3	HXD3_HUMAN.H10MO.D		11	D	HOX-related factors{3.1.1}	3232	HXD3_HUMAN
HOXD4	HXD4_HUMAN.H10MO.D		8	D	HOX-related factors{3.1.1}	3233	HXD4_HUMAN
HOXD8	HXD8_HUMAN.H10MO.D		11	D	HOX-related factors{3.1.1}	3234	HXD8_HUMAN
HOXD9	HXD9_HUMAN.H10MO.D		10	D	HOX-related factors{3.1.1}	3235	HXD9_HUMAN
ID4	ID4_HUMAN.H10MO.D		11	D	HLH domain only{1.2.8}	3400	ID4_HUMAN
IRF5	IRF5_HUMAN.H10MO.D		20	D	Interferon-regulatory factors{3.5.3}	3663	IRF5_HUMAN
IRF8	IRF8_HUMAN.H10MO.D		15	D	Interferon-regulatory factors{3.5.3}	3394	IRF8_HUMAN
IRX2	IRX2_HUMAN.H10MO.D		19	D	TALE-type homeo domain factors{3.1.4}	153572	IRX2_HUMAN
IRX3	IRX3_HUMAN.H10MO.D		11	D	TALE-type homeo domain factors{3.1.4}	79191	IRX3_HUMAN
ISL1	ISL1_HUMAN.H10MO.D		7	D	HD-LIM factors{3.1.5}	3670	ISL1_HUMAN
ISL2	ISL2_HUMAN.H10MO.D		11	D	HD-LIM factors{3.1.5}	64843	ISL2_HUMAN
ISX	ISX_HUMAN.H10MO.D		16	D	Paired-related HD factors{3.1.3}	91464	ISX_HUMAN
JDP2	JDP2_HUMAN.H10MO.D		12	D	Fos-related factors{1.1.2}	122953	JDP2_HUMAN
KLF12	KLF12_HUMAN.H10MO.D		12	D	Three-zinc finger Krüppel-related factors{2.3.1}	11278	KLF12_HUMAN
KLF13	KLF13_HUMAN.H10MO.D		11	D	Three-zinc finger Krüppel-related factors{2.3.1}	51621	KLF13_HUMAN
KLF14	KLF14_HUMAN.H10MO.D		13	D	Three-zinc finger Krüppel-related factors{2.3.1}		KLF14_HUMAN
KLF15	KLF15_HUMAN.H10MO.D		17	D	Three-zinc finger Krüppel-related factors{2.3.1}	28999	KLF15_HUMAN
KLF16	KLF16_HUMAN.H10MO.D		19	D	Three-zinc finger Krüppel-related factors{2.3.1}	83855	KLF16_HUMAN
KLF3	KLF3_HUMAN.H10MO.D		15	D	Three-zinc finger Krüppel-related factors{2.3.1}	51274	KLF3_HUMAN
KLF6	KLF6_HUMAN.H10MO.D		8	D	Three-zinc finger Krüppel-related factors{2.3.1}	1316	KLF6_HUMAN
LBX2	LBX2_HUMAN.H10MO.D		11	D	NK-related factors{3.1.2}	85474	LBX2_HUMAN
LHX2	LHX2_HUMAN.H10MO.D		13	D	HD-LIM factors{3.1.5}	9355	LHX2_HUMAN
LHX4	LHX4_HUMAN.H10MO.D		11	D	HD-LIM factors{3.1.5}	89884	LHX4_HUMAN
LHX6	LHX6_HUMAN.H10MO.D		18	D	HD-LIM factors{3.1.5}	26468	LHX6_HUMAN
LHX8	LHX8_HUMAN.H10MO.D		18	D	HD-LIM factors{3.1.5}	431707	LHX8_HUMAN
LHX9	LHX9_HUMAN.H10MO.D		18	D	HD-LIM factors{3.1.5}	56956	LHX9_HUMAN
LMX1A	LMX1A_HUMAN.H10MO.D		19	D	HD-LIM factors{3.1.5}	4009	LMX1A_HUMAN
LMX1B	LMX1B_HUMAN.H10MO.D		18	D	HD-LIM factors{3.1.5}	4010	LMX1B_HUMAN
MAFA	MAFA_HUMAN.H10MO.D		21	D	Maf-related factors{1.1.3}	389692	MAFA_HUMAN
MAFB	MAFB_HUMAN.H10MO.D		9	D	Maf-related factors{1.1.3}	9935	MAFB_HUMAN
NR3C2	MCR_HUMAN.H10MO.D		17	D	Steroid hormone receptors (NR3){2.1.1}	4306	MCR_HUMAN
MEF2B	MEF2B_HUMAN.H10MO.D		16	D	Regulators of differentiation{5.1.1}	100271849; 4207	MEF2B_HUMAN
MEIS3	MEIS3_HUMAN.H10MO.D		11	D	TALE-type homeo domain factors{3.1.4}	56917	MEIS3_HUMAN
MEOX1	MEOX1_HUMAN.H10MO.D		16	D	HOX-related factors{3.1.1}	4222	MEOX1_HUMAN
MEOX2	MEOX2_HUMAN.H10MO.D		11	D	HOX-related factors{3.1.1}	4223	MEOX2_HUMAN
MESP1	MESP1_HUMAN.H10MO.D		11	D	Tal-related factors{1.2.3}	55897	MESP1_HUMAN
MGA	MGAP_HUMAN.H10MO.D		16	D	bHLH-ZIP factors{1.2.6}; TBX6-related factors{6.5.5}	23269	MGAP_HUMAN
MIXL1	MIXL1_HUMAN.H10MO.D		11	D	Paired-related HD factors{3.1.3}	83881	MIXL1_HUMAN
MLXIPL	MLXPL_HUMAN.H10MO.D		19	D	bHLH-ZIP factors{1.2.6}	51085	MLXPL_HUMAN
MLX	MLX_HUMAN.H10MO.D		11	D	bHLH-ZIP factors{1.2.6}	6945	MLX_HUMAN
MNT	MNT_HUMAN.H10MO.D		16	D	bHLH-ZIP factors{1.2.6}	4335	MNT_HUMAN
MNX1	MNX1_HUMAN.H10MO.D		19	D	HOX-related factors{3.1.1}	3110	MNX1_HUMAN
MSX1	MSX1_HUMAN.H10MO.D		18	D	NK-related factors{3.1.2}	4487	MSX1_HUMAN
MSX2	MSX2_HUMAN.H10MO.D		7	D	NK-related factors{3.1.2}	4488	MSX2_HUMAN
MSC	MUSC_HUMAN.H10MO.D		18	D	Tal-related factors{1.2.3}	9242	MUSC_HUMAN
MYBL1	MYBA_HUMAN.H10MO.D		11	D	Myb/SANT domain factors{3.5.1}	4603	MYBA_HUMAN
MYBL2	MYBB_HUMAN.H10MO.D		10	D	Myb/SANT domain factors{3.5.1}	4605	MYBB_HUMAN
MYOG	MYOG_HUMAN.H10MO.D		13	D	MyoD / ASC-related factors{1.2.2}	4656	MYOG_HUMAN
MZF1	MZF1_HUMAN.H10MO.D		9	D	More than 3 adjacent zinc finger factors{2.3.3}	7593	MZF1_HUMAN
NEUROD2	NDF2_HUMAN.H10MO.D		11	D	Tal-related factors{1.2.3}	4761	NDF2_HUMAN
NFE2L2	NF2L2_HUMAN.H10MO.D		12	D	Jun-related factors{1.1.1}	4780	NF2L2_HUMAN
NFAT5	NFAT5_HUMAN.H10MO.D		15	D	NFAT-related factors{6.1.3}	10725	NFAT5_HUMAN
NFKB2	NFKB2_HUMAN.H10MO.D		11	D	NF-kappaB-related factors{6.1.1}	4791	NFKB2_HUMAN
NEUROG2	NGN2_HUMAN.H10MO.D		13	D	Tal-related factors{1.2.3}	63973	NGN2_HUMAN
NKX2-1	NKX21_HUMAN.H10MO.D		10	D	NK-related factors{3.1.2}	7080	NKX21_HUMAN
NKX2-2	NKX22_HUMAN.H10MO.D		12	D	NK-related factors{3.1.2}	4821	NKX22_HUMAN
NKX2-3	NKX23_HUMAN.H10MO.D		11	D	NK-related factors{3.1.2}	159296	NKX23_HUMAN
NKX6-1	NKX61_HUMAN.H10MO.D		19	D	NK-related factors{3.1.2}	4825	NKX61_HUMAN
NKX6-2	NKX62_HUMAN.H10MO.D		11	D	NK-related factors{3.1.2}	84504	NKX62_HUMAN
NOTO	NOTO_HUMAN.H10MO.D		11	D	NK-related factors{3.1.2}	344022	NOTO_HUMAN
NR0B1	NR0B1_HUMAN.H10MO.D		10	D	DAX-related receptors (NR0){2.1.7}	190	NR0B1_HUMAN
NR1H2	NR1H2_HUMAN.H10MO.D		19	D	Thyroid hormone receptor-related factors (NR1){2.1.2}	7376	NR1H2_HUMAN
NR2E1	NR2E1_HUMAN.H10MO.D		17	D	RXR-related receptors (NR2){2.1.3}	7101	NR2E1_HUMAN
NR2F6	NR2F6_HUMAN.H10MO.D		18	D	RXR-related receptors (NR2){2.1.3}	2063	NR2F6_HUMAN
NR4A3	NR4A3_HUMAN.H10MO.D		10	D	NGFI-B-related receptors (NR4){2.1.4}	8013	NR4A3_HUMAN
NRL	NRL_HUMAN.H10MO.D		11	D	Maf-related factors{1.1.3}	4901	NRL_HUMAN
OLIG1	OLIG1_HUMAN.H10MO.D		14	D	Tal-related factors{1.2.3}	116448	OLIG1_HUMAN
OLIG2	OLIG2_HUMAN.H10MO.D		11	D	Tal-related factors{1.2.3}	10215	OLIG2_HUMAN
OLIG3	OLIG3_HUMAN.H10MO.D		11	D	Tal-related factors{1.2.3}	167826	OLIG3_HUMAN
ONECUT2	ONEC2_HUMAN.H10MO.D		21	D	HD-CUT factors{3.1.9}	9480	ONEC2_HUMAN
ONECUT3	ONEC3_HUMAN.H10MO.D		12	D	HD-CUT factors{3.1.9}	390874	ONEC3_HUMAN
OTX1	OTX1_HUMAN.H10MO.D		8	D	Paired-related HD factors{3.1.3}	5013	OTX1_HUMAN
POU5F1B	P5F1B_HUMAN.H10MO.D		16	D	POU domain factors{3.1.10}	5462	P5F1B_HUMAN
PAX1	PAX1_HUMAN.H10MO.D		17	D	Paired domain only{3.2.2}	5075	PAX1_HUMAN
PAX2	PAX2_HUMAN.H10MO.D		18	D	Paired domain only{3.2.2}	5076	PAX2_HUMAN
PAX3	PAX3_HUMAN.H10MO.D		13	D	Paired plus homeo domain{3.2.1}	5077	PAX3_HUMAN
PAX4	PAX4_HUMAN.H10MO.D		12	D	Paired plus homeo domain{3.2.1}	5078	PAX4_HUMAN
PAX6	PAX6_HUMAN.H10MO.D		11	D	Paired plus homeo domain{3.2.1}	5080	PAX6_HUMAN
PAX7	PAX7_HUMAN.H10MO.D		11	D	Paired plus homeo domain{3.2.1}	5081	PAX7_HUMAN
PAX8	PAX8_HUMAN.H10MO.D		14	D	Paired domain only{3.2.2}	7849	PAX8_HUMAN
PHOX2A	PHX2A_HUMAN.H10MO.D		11	D	Paired-related HD factors{3.1.3}	401	PHX2A_HUMAN
PHOX2B	PHX2B_HUMAN.H10MO.D		11	D	Paired-related HD factors{3.1.3}	8929	PHX2B_HUMAN
PITX1	PITX1_HUMAN.H10MO.D		11	D	Paired-related HD factors{3.1.3}	5307	PITX1_HUMAN
PITX2	PITX2_HUMAN.H10MO.D		10	D	Paired-related HD factors{3.1.3}	5308	PITX2_HUMAN
PITX3	PITX3_HUMAN.H10MO.D		18	D	Paired-related HD factors{3.1.3}	5309	PITX3_HUMAN
PKNOX1	PKNX1_HUMAN.H10MO.D		13	D	TALE-type homeo domain factors{3.1.4}	5316	PKNX1_HUMAN
PKNOX2	PKNX2_HUMAN.H10MO.D		13	D	TALE-type homeo domain factors{3.1.4}	63876	PKNX2_HUMAN
PLAG1	PLAG1_HUMAN.H10MO.D		17	D	More than 3 adjacent zinc finger factors{2.3.3}	5324	PLAG1_HUMAN
PLAGL1	PLAL1_HUMAN.H10MO.D		10	D	More than 3 adjacent zinc finger factors{2.3.3}	5325	PLAL1_HUMAN
POU2F2	PO2F2_HUMAN.H10MO.D		16	D	POU domain factors{3.1.10}	5452	PO2F2_HUMAN
POU2F3	PO2F3_HUMAN.H10MO.D		14	D	POU domain factors{3.1.10}	25833	PO2F3_HUMAN
POU3F2	PO3F2_HUMAN.H10MO.D		10	D	POU domain factors{3.1.10}	5454	PO3F2_HUMAN
POU3F3	PO3F3_HUMAN.H10MO.D		17	D	POU domain factors{3.1.10}	5455	PO3F3_HUMAN
POU3F4	PO3F4_HUMAN.H10MO.D		17	D	POU domain factors{3.1.10}	5456	PO3F4_HUMAN
POU4F1	PO4F1_HUMAN.H10MO.D		14	D	POU domain factors{3.1.10}	5457	PO4F1_HUMAN
POU4F2	PO4F2_HUMAN.H10MO.D		13	D	POU domain factors{3.1.10}	5458	PO4F2_HUMAN
POU4F3	PO4F3_HUMAN.H10MO.D		15	D	POU domain factors{3.1.10}	5459	PO4F3_HUMAN
POU6F1	PO6F1_HUMAN.H10MO.D		13	D	POU domain factors{3.1.10}	5463	PO6F1_HUMAN
POU6F2	PO6F2_HUMAN.H10MO.D		11	D	POU domain factors{3.1.10}	11281	PO6F2_HUMAN
PPARD	PPARD_HUMAN.H10MO.D		14	D	Thyroid hormone receptor-related factors (NR1){2.1.2}	5467	PPARD_HUMAN
PRDM4	PRDM4_HUMAN.H10MO.D		16	D	Factors with multiple dispersed zinc fingers{2.3.4}	11108	PRDM4_HUMAN
PROP1	PROP1_HUMAN.H10MO.D		15	D	Paired-related HD factors{3.1.3}	5626	PROP1_HUMAN
PROX1	PROX1_HUMAN.H10MO.D		17	D	HD-PROS factors{3.1.7}	5629	PROX1_HUMAN
PRRX1	PRRX1_HUMAN.H10MO.D		7	D	Paired-related HD factors{3.1.3}	5396	PRRX1_HUMAN
PURA	PURA_HUMAN.H10MO.D		17	D	PUR{0.0.5}	5813	PURA_HUMAN
RARB	RARB_HUMAN.H10MO.D		11	D	Thyroid hormone receptor-related factors (NR1){2.1.2}	5915	RARB_HUMAN
RAX2	RAX2_HUMAN.H10MO.D		12	D	Paired-related HD factors{3.1.3}	84839	RAX2_HUMAN
RFX4	RFX4_HUMAN.H10MO.D		15	D	RFX-related factors{3.3.3}	5992	RFX4_HUMAN
RHOXF1	RHXF1_HUMAN.H10MO.D		11	D	Paired-related HD factors{3.1.3}	158800	RHXF1_HUMAN
RREB1	RREB1_HUMAN.H10MO.D		22	D	Factors with multiple dispersed zinc fingers{2.3.4}	6239	RREB1_HUMAN
RAX	RX_HUMAN.H10MO.D		11	D	Paired-related HD factors{3.1.3}	30062	RX_HUMAN
SCRT1	SCRT1_HUMAN.H10MO.D		13	D	More than 3 adjacent zinc finger factors{2.3.3}	83482	SCRT1_HUMAN
SCRT2	SCRT2_HUMAN.H10MO.D		13	D	More than 3 adjacent zinc finger factors{2.3.3}	85508	SCRT2_HUMAN
SHOX2	SHOX2_HUMAN.H10MO.D		17	D	Paired-related HD factors{3.1.3}	6474	SHOX2_HUMAN
SHOX	SHOX_HUMAN.H10MO.D		17	D	Paired-related HD factors{3.1.3}	6473	SHOX_HUMAN
SMAD1	SMAD1_HUMAN.H10MO.D		12	D	SMAD factors{7.1.1}	4086	SMAD1_HUMAN
SMARCC1	SMRC1_HUMAN.H10MO.D		11	D	Myb/SANT domain factors{3.5.1}	6599	SMRC1_HUMAN
SOX10	SOX10_HUMAN.H10MO.D		7	D	SOX-related factors{4.1.1}	6663	SOX10_HUMAN
SOX11	SOX11_HUMAN.H10MO.D		16	D	SOX-related factors{4.1.1}	6664	SOX11_HUMAN
SOX13	SOX13_HUMAN.H10MO.D		8	D	SOX-related factors{4.1.1}	9580	SOX13_HUMAN
SOX15	SOX15_HUMAN.H10MO.D		7	D	SOX-related factors{4.1.1}	6665	SOX15_HUMAN
SOX17	SOX17_HUMAN.H10MO.D		18	D	SOX-related factors{4.1.1}	64321	SOX17_HUMAN
SOX18	SOX18_HUMAN.H10MO.D		19	D	SOX-related factors{4.1.1}	54345	SOX18_HUMAN
SOX1	SOX1_HUMAN.H10MO.D		16	D	SOX-related factors{4.1.1}	6656	SOX1_HUMAN
SOX21	SOX21_HUMAN.H10MO.D		16	D	SOX-related factors{4.1.1}	11166	SOX21_HUMAN
SOX3	SOX3_HUMAN.H10MO.D		13	D	SOX-related factors{4.1.1}	6658	SOX3_HUMAN
SOX7	SOX7_HUMAN.H10MO.D		16	D	SOX-related factors{4.1.1}	83595	SOX7_HUMAN
SOX8	SOX8_HUMAN.H10MO.D		16	D	SOX-related factors{4.1.1}	30812	SOX8_HUMAN
SP4	SP4_HUMAN.H10MO.D		22	D	Three-zinc finger Krüppel-related factors{2.3.1}	6671	SP4_HUMAN
SPDEF	SPDEF_HUMAN.H10MO.D		14	D	Ets-related factors{3.5.2}	25803	SPDEF_HUMAN
SPIC	SPIC_HUMAN.H10MO.D		13	D	Ets-related factors{3.5.2}	121599	SPIC_HUMAN
SPZ1	SPZ1_HUMAN.H10MO.D		16	D		84654	SPZ1_HUMAN
STAT4	STAT4_HUMAN.H10MO.D		11	D	STAT factors{6.2.1}	6775	STAT4_HUMAN
TBR1	TBR1_HUMAN.H10MO.D		13	D	TBrain-related factors{6.5.2}	10716	TBR1_HUMAN
TBX15	TBX15_HUMAN.H10MO.D		19	D	TBX1-related factors{6.5.3}	6913	TBX15_HUMAN
TBX19	TBX19_HUMAN.H10MO.D		22	D	Brachyury-related factors{6.5.1}	9095	TBX19_HUMAN
TBX1	TBX1_HUMAN.H10MO.D		20	D	TBX1-related factors{6.5.3}	6899	TBX1_HUMAN
TBX20	TBX20_HUMAN.H10MO.D		17	D	TBX1-related factors{6.5.3}	57057	TBX20_HUMAN
TBX21	TBX21_HUMAN.H10MO.D		12	D	TBrain-related factors{6.5.2}	30009	TBX21_HUMAN
TBX2	TBX2_HUMAN.H10MO.D		25	D	TBX2-related factors{6.5.4}	6909	TBX2_HUMAN
TBX3	TBX3_HUMAN.H10MO.D		24	D	TBX2-related factors{6.5.4}	6926	TBX3_HUMAN
TBX4	TBX4_HUMAN.H10MO.D		20	D	TBX2-related factors{6.5.4}	9496	TBX4_HUMAN
TBX5	TBX5_HUMAN.H10MO.D		8	D	TBX2-related factors{6.5.4}	6910	TBX5_HUMAN
TEAD1	TEAD1_HUMAN.H10MO.D		14	D	TEF-1-related factors{3.6.1}	7003	TEAD1_HUMAN
TEAD3	TEAD3_HUMAN.H10MO.D		15	D	TEF-1-related factors{3.6.1}	7005	TEAD3_HUMAN
TEF	TEF_HUMAN.H10MO.D		14	D	C/EBP-related{1.1.8}	7008	TEF_HUMAN
TGIF2LX	TF2LX_HUMAN.H10MO.D		15	D	TALE-type homeo domain factors{3.1.4}	90316	TF2LX_HUMAN
TCF7L1	TF7L1_HUMAN.H10MO.D		16	D	TCF-7-related factors{4.1.3}	83439	TF7L1_HUMAN
TFCP2	TFCP2_HUMAN.H10MO.D		16	D	CP2-related factors{6.7.2}	7024	TFCP2_HUMAN
TFDP1	TFDP1_HUMAN.H10MO.D		22	D	E2F-related factors{3.3.2}	7027	TFDP1_HUMAN
TGIF1	TGIF1_HUMAN.H10MO.D		16	D	TALE-type homeo domain factors{3.1.4}	7050	TGIF1_HUMAN
TGIF2	TGIF2_HUMAN.H10MO.D		11	D	TALE-type homeo domain factors{3.1.4}	60436	TGIF2_HUMAN
THAP1	THAP1_HUMAN.H10MO.D		22	D	THAP-related factors{2.9.1}	55145	THAP1_HUMAN
TLX1	TLX1_HUMAN.H10MO.D		17	D	NK-related factors{3.1.2}	3195	TLX1_HUMAN
TWIST1	TWST1_HUMAN.H10MO.D		10	D	Tal-related factors{1.2.3}	7291	TWST1_HUMAN
YY2	TYY2_HUMAN.H10MO.D		11	D	More than 3 adjacent zinc finger factors{2.3.3}	404281	TYY2_HUMAN
UBP1	UBIP1_HUMAN.H10MO.D		7	D	CP2-related factors{6.7.2}	7342	UBIP1_HUMAN
UNCX	UNC4_HUMAN.H10MO.D		11	D	Paired-related HD factors{3.1.3}	340260	UNC4_HUMAN
VAX1	VAX1_HUMAN.H10MO.D		18	D	NK-related factors{3.1.2}	11023	VAX1_HUMAN
VAX2	VAX2_HUMAN.H10MO.D		16	D	NK-related factors{3.1.2}	25806	VAX2_HUMAN
VENTX	VENTX_HUMAN.H10MO.D		19	D	NK-related factors{3.1.2}	27287	VENTX_HUMAN
VSX1	VSX1_HUMAN.H10MO.D		14	D	Paired-related HD factors{3.1.3}	30813	VSX1_HUMAN
VSX2	VSX2_HUMAN.H10MO.D		11	D	Paired-related HD factors{3.1.3}	338917	VSX2_HUMAN
WT1	WT1_HUMAN.H10MO.D		13	D	More than 3 adjacent zinc finger factors{2.3.3}	7490	WT1_HUMAN
YBX1	YBOX1_HUMAN.H10MO.D		11	D	Dbp factors{9.1.1}	4904	YBOX1_HUMAN
ZBED1	ZBED1_HUMAN.H10MO.D		13	D	BED zinc finger factors{2.3.5}	9189	ZBED1_HUMAN
ZBTB18	ZBT18_HUMAN.H10MO.D		14	D	More than 3 adjacent zinc finger factors{2.3.3}	10472	ZBT18_HUMAN
ZBTB49	ZBT49_HUMAN.H10MO.D		11	D	More than 3 adjacent zinc finger factors{2.3.3}	166793	ZBT49_HUMAN
ZBTB7A	ZBT7A_HUMAN.H10MO.D		17	D	More than 3 adjacent zinc finger factors{2.3.3}	51341	ZBT7A_HUMAN
ZBTB7B	ZBT7B_HUMAN.H10MO.D		21	D	More than 3 adjacent zinc finger factors{2.3.3}	51043	ZBT7B_HUMAN
ZBTB4	ZBTB4_HUMAN.H10MO.D		17	D	Factors with multiple dispersed zinc fingers{2.3.4}	57659	ZBTB4_HUMAN
ZBTB6	ZBTB6_HUMAN.H10MO.D		13	D	More than 3 adjacent zinc finger factors{2.3.3}	10773	ZBTB6_HUMAN
HIVEP1	ZEP1_HUMAN.H10MO.D		12	D	Factors with multiple dispersed zinc fingers{2.3.4}	3096	ZEP1_HUMAN
HIVEP2	ZEP2_HUMAN.H10MO.D		14	D	Factors with multiple dispersed zinc fingers{2.3.4}	3097	ZEP2_HUMAN
ZFHX3	ZFHX3_HUMAN.H10MO.D		11	D	HD-ZF factors{3.1.8}	463	ZFHX3_HUMAN
ZIC4	ZIC4_HUMAN.H10MO.D		15	D	More than 3 adjacent zinc finger factors{2.3.3}	84107	ZIC4_HUMAN
ZKSCAN3	ZKSC3_HUMAN.H10MO.D		11	D	More than 3 adjacent zinc finger factors{2.3.3}	80317	ZKSC3_HUMAN
ZNF148	ZN148_HUMAN.H10MO.D		15	D	More than 3 adjacent zinc finger factors{2.3.3}	7707	ZN148_HUMAN
ZNF219	ZN219_HUMAN.H10MO.D		12	D	Factors with multiple dispersed zinc fingers{2.3.4}	51222	ZN219_HUMAN
ZNF232	ZN232_HUMAN.H10MO.D		19	D	More than 3 adjacent zinc finger factors{2.3.3}	7775	ZN232_HUMAN
ZNF282	ZN282_HUMAN.H10MO.D		14	D	More than 3 adjacent zinc finger factors{2.3.3}	8427	ZN282_HUMAN
ZNF333	ZN333_HUMAN.H10MO.D		9	D	More than 3 adjacent zinc finger factors{2.3.3}	84449	ZN333_HUMAN
ZNF410	ZN410_HUMAN.H10MO.D		13	D	More than 3 adjacent zinc finger factors{2.3.3}	57862	ZN410_HUMAN
ZNF423	ZN423_HUMAN.H10MO.D		15	D	Factors with multiple dispersed zinc fingers{2.3.4}	23090	ZN423_HUMAN
ZNF524	ZN524_HUMAN.H10MO.D		18	D	More than 3 adjacent zinc finger factors{2.3.3}	147807	ZN524_HUMAN
ZNF589	ZN589_HUMAN.H10MO.D		16	D	More than 3 adjacent zinc finger factors{2.3.3}	51385	ZN589_HUMAN
ZNF639	ZN639_HUMAN.H10MO.D		20	D	Factors with multiple dispersed zinc fingers{2.3.4}	51193	ZN639_HUMAN
ZNF652	ZN652_HUMAN.H10MO.D		11	D	More than 3 adjacent zinc finger factors{2.3.3}	22834	ZN652_HUMAN
ZNF713	ZN713_HUMAN.H10MO.D		19	D	More than 3 adjacent zinc finger factors{2.3.3}		ZN713_HUMAN
ZNF740	ZN740_HUMAN.H10MO.D		14	D	Other factors with up to three adjacent zinc fingers{2.3.2}	283337	ZN740_HUMAN
ZNF784	ZN784_HUMAN.H10MO.D		11	D	Factors with multiple dispersed zinc fingers{2.3.4}	147808	ZN784_HUMAN
ZSCAN16	ZSC16_HUMAN.H10MO.D		20	D	More than 3 adjacent zinc finger factors{2.3.3}	80345	ZSC16_HUMAN
ZSCAN4	ZSCA4_HUMAN.H10MO.D		12	D	More than 3 adjacent zinc finger factors{2.3.3}	201516	ZSCA4_HUMAN
ARID3A	ARI3A_HUMAN.H10MO.S		7	S	ARID-related factors{3.7.1}	1820	ARI3A_HUMAN
BATF	BATF_HUMAN.H10MO.S		10	S	B-ATF-related factors{1.1.4}	10538	BATF_HUMAN
NR2F1	COT1_HUMAN.H10MO.S		12	S	RXR-related receptors (NR2){2.1.3}	7025	COT1_HUMAN
NR2F2	COT2_HUMAN.H10MO.S		15	S	RXR-related receptors (NR2){2.1.3}	7026	COT2_HUMAN
EGR1	EGR1_HUMAN.H10MO.S		11	S	Three-zinc finger Krüppel-related factors{2.3.1}	1958	EGR1_HUMAN
EHF	EHF_HUMAN.H10MO.S		13	S	Ets-related factors{3.5.2}	26298	EHF_HUMAN
ESR1	ESR1_HUMAN.H10MO.S		18	S	Steroid hormone receptors (NR3){2.1.1}	2099	ESR1_HUMAN
ESR2	ESR2_HUMAN.H10MO.S		7	S	Steroid hormone receptors (NR3){2.1.1}	2100	ESR2_HUMAN
FOXJ3	FOXJ3_HUMAN.H10MO.S		13	S	Forkhead box (FOX) factors{3.3.1}	22887	FOXJ3_HUMAN
GATA1	GATA1_HUMAN.H10MO.S		10	S	GATA-type zinc fingers{2.2.1}	2623	GATA1_HUMAN
GATA6	GATA6_HUMAN.H10MO.S		7	S	GATA-type zinc fingers{2.2.1}	2627	GATA6_HUMAN
NR3C1	GCR_HUMAN.H10MO.S		7	S	Steroid hormone receptors (NR3){2.1.1}	2908	GCR_HUMAN
ZBTB33	KAISO_HUMAN.H10MO.S		12	S	Other factors with up to three adjacent zinc fingers{2.3.2}	10009	KAISO_HUMAN
MAFG	MAFG_HUMAN.H10MO.S		7	S	Maf-related factors{1.1.3}	4097	MAFG_HUMAN
MAFK	MAFK_HUMAN.H10MO.S		10	S	Maf-related factors{1.1.3}	7975	MAFK_HUMAN
NANOG	NANOG_HUMAN.H10MO.S		8	S	NK-related factors{3.1.2}	79923	NANOG_HUMAN
NFATC1	NFAC1_HUMAN.H10MO.S		13	S	NFAT-related factors{6.1.3}	4772	NFAC1_HUMAN
NFIA	NFIA_HUMAN.H10MO.S		7	S	Nuclear factor 1{7.1.2}	4774	NFIA_HUMAN
NR1I2	NR1I2_HUMAN.H10MO.S		8	S	Thyroid hormone receptor-related factors (NR1){2.1.2}	8856	NR1I2_HUMAN
NR1I3	NR1I3_HUMAN.H10MO.S		8	S	Thyroid hormone receptor-related factors (NR1){2.1.2}	9970	NR1I3_HUMAN
TP63	P63_HUMAN.H10MO.S		11	S	p53-related factors{6.3.1}	8626	P63_HUMAN
TP73	P73_HUMAN.H10MO.S		12	S	p53-related factors{6.3.1}	7161	P73_HUMAN
PAX2	PAX2_HUMAN.H10MO.S		7	S	Paired domain only{3.2.2}	5076	PAX2_HUMAN
PAX5	PAX5_HUMAN.H10MO.S		8	S	Paired domain only{3.2.2}	5079	PAX5_HUMAN
PLAG1	PLAG1_HUMAN.H10MO.S		13	S	More than 3 adjacent zinc finger factors{2.3.3}	5324	PLAG1_HUMAN
PPARA	PPARA_HUMAN.H10MO.S		7	S	Thyroid hormone receptor-related factors (NR1){2.1.2}	5465	PPARA_HUMAN
PPARG	PPARG_HUMAN.H10MO.S		9	S	Thyroid hormone receptor-related factors (NR1){2.1.2}	5468	PPARG_HUMAN
PGR	PRGR_HUMAN.H10MO.S		7	S	Steroid hormone receptors (NR3){2.1.1}	5241	PRGR_HUMAN
RARA	RARA_HUMAN.H10MO.S		7	S	Thyroid hormone receptor-related factors (NR1){2.1.2}	5914	RARA_HUMAN
RARG	RARG_HUMAN.H10MO.S		7	S	Thyroid hormone receptor-related factors (NR1){2.1.2}	5916	RARG_HUMAN
SP1	SP1_HUMAN.H10MO.S		11	S	Three-zinc finger Krüppel-related factors{2.3.1}	6667	SP1_HUMAN
STAT1	STAT1_HUMAN.H10MO.S		15	S	STAT factors{6.2.1}	6772	STAT1_HUMAN
TAL1	TAL1_HUMAN.H10MO.S		12	S	Tal-related factors{1.2.3}	6886	TAL1_HUMAN
TFDP1	TFDP1_HUMAN.H10MO.S		14	S	E2F-related factors{3.3.2}	7027	TFDP1_HUMAN
TGIF1	TGIF1_HUMAN.H10MO.S		7	S	TALE-type homeo domain factors{3.1.4}	7050	TGIF1_HUMAN
THRA	THA_HUMAN.H10MO.S		10	S	Thyroid hormone receptor-related factors (NR1){2.1.2}	7067	THA_HUMAN
THRB	THB_HUMAN.H10MO.S		10	S	Thyroid hormone receptor-related factors (NR1){2.1.2}	7068	THB_HUMAN
TLX1	TLX1_HUMAN.H10MO.S		11	S	NK-related factors{3.1.2}	3195	TLX1_HUMAN
VDR	VDR_HUMAN.H10MO.S		7	S	Thyroid hormone receptor-related factors (NR1){2.1.2}	7421	VDR_HUMAN
ZBTB4	ZBTB4_HUMAN.H10MO.S		15	S	Factors with multiple dispersed zinc fingers{2.3.4}	57659	ZBTB4_HUMAN